0001,Vitolic,200K
0002,Wiki,RIZE
0003,TEMPHUiBIS,ELF | TKC
0004,Shirdel,ELF
0005,Ice Bluu,-
0006,Ren The Dragon,ELF
0007,SlawPro,-
0008,Erthkwake,-
0009,Tiger Drop JT,SWFGC
0010,Destiny,SaltyEU
0011,Letho/DeadonFrost,TKT
0012,Sync,SALT
0013,birdlaxatives,-
0014,Danny,-
0015,Taboo_abr,-
0016,Eternal Dragon,NJT
0017,HarleKris,BTG
0018,Konnos,-
0019,MonstaTK,-
0020,Stink450,-
0021,Ren The Dragon,ELF
0022,theirfinestbean,-
0023,Fatty Ghost,-
0024,Roygbiv174,-
0025,Riahi,-
0026,Wezuls,dWo
0027,Kingshamus1,-
0028,K-WISS,DS | ELF
0029,Arsenegbenga,Harriers
0030,JRH,200K
0031,Raddy,200K
0032,Bebop,SWFGC
0033,Burnyhands,SWFGC
0034,Djay_Voo,200K
0035,iSNV,-
0036,GoukiAkuma,RIZE
0037,PiKa,SaltyEU
0038,EMinor,RIZE
0039,Feldy,NFC3D
0040,Lowhigh,UYU
