0001,PunLife,Call me DAHddy,GB
0002,RsKyLuck,Call me DAHddy,GB
0003,HolmseyUK,Call me DAHddy,GB
0004,Shirdel,Da Ting Strikes Back,GB
0005,Haroun,Triple H,GB
0006,Gosain,Triple H,GB
0007,Ren The Dragon,Mid-Crush Crisis,GB
0008,MissNygma,Mid-Crush Crisis,GB
0009,HarleKris,Mid-Crush Crisis,GB
0010,LazyWings,LaGggy,GB
0011,Ward 27,LaGggy,GB
0012,TheFatBoi,LaGggy,GB
0013,Bebop,Who's Coat Is That Jacket,GB
0014,Alt Zero,Who's Coat Is That Jacket,GB
0015,Drébot 3000,Who's Coat Is That Jacket,GB
0016,yeaaaite,-,GB
0017,SlawPro,A Slice of Death,GB
0018,Fastlegs of Fury,A Slice of Death,GB
0019,MonstaTK,Season 3 Bug Report,GB
0020,Arsenegbenga,Season 3 Bug Report,GB
0021,Sync,Season 3 Bug Report,GB
0022,BAKRi,Rage Usage A,GB
0023,JoKa,Rage Usage A,GB
0024,Clientella,Rage Usage A,GB
0025,Plissken,Wang King,GB
0026,Dweam,Wang King,GB
0027,Vindog,Wang King,GB
0028,Robin,Combonauts,GB
0029,JusticeSoulTuna,Combonauts,GB
0030,Shaz,Combonauts,GB
0031,formersmudge,A Slice of Death,GB
0032,KuSa14,-,GB
0033,The Phantom,The Cleaners,GB
0034,Ronicer,The Cleaners,GB
0035,Eternal Dragon,Their Royal Highnesses Rinse Parry,GB
0036,Abominable,Their Royal Highnesses Rinse Parry,GB
0037,Mr T,Their Royal Highnesses Rinse Parry,GB
0038,K-Wiss,Da Ting Strikes Back,GB
0039,JustKordz,Da Ting Strikes Back,GB
0040,Nicotine-Dreamz,WE LIKE JULIA RYONA,GB
0041,Spag,Triple H,GB
0042,TheSikThSenSE,"The Good, The Bad and The Unblockable",GB
0043,Talon,"The Good, The Bad and The Unblockable",GB
0044,Slaanesh_Allures,"The Good, The Bad and The Unblockable",GB
0045,SNM Vandel Savage DYG,Know Phrames Known,GB
0046,S0000,Know Phrames Known,GB
0047,V6mick,-,GB
0048,Strykie,Supermarket HellSweep,GB
0049,Diabetic_Bread,Supermarket HellSweep,GB
0050,Carlo,Supermarket HellSweep,GB
0051,EGO,-,GB
0052,SolidRose,RIZE's ChickenGods_,GB
0053,Chickenmaru,RIZE's ChickenGods_,GB
0054,M.Quicksilver,The Cleaners,GB
0055,Acy,Button Pressing S+,GB
0056,A Random Mop,Button Pressing S+,GB
0057,CSC,Button Pressing S+,GB
0058,Xsand,Know Phrames Known,GB
0059,Cngladiator,WE LIKE JULIA RYONA,GB
0060,EDOT,WE LIKE JULIA RYONA,GB
0061,Roo Kang,DG Phenti Patrol,GB
0062,amouageking,DG Phenti Patrol,GB
0063,MTS_Demon,DG Phenti Patrol,GB
0064,FalseGod_,RIZE's ChickenGods_,GB
0065,Boxty,We're Actually A Team Of Four,GB
0066,Zaman_Fu,We're Actually A Team Of Four,GB
0067,Nobodycares,We're Actually A Team Of Four,GB
